{
  "n_households": 500,
  "n_persons": 3,
  "n_days": 90,
  "n_train_hh": 400,
  "n_test_hh": 100,
  "n_train_rows": 108000,
  "n_test_rows": 27000,
  "n_features": 105,
  "n_embedding": 32,
  "test_r": 0.8870233967071944,
  "test_r2": 0.7868105063059688,
  "test_mse": 0.036450777150042274,
  "test_mae": 0.1377889235171738,
  "test_r_demeaned": 0.37871420411968376,
  "test_r2_demeaned": 0.1434244484020055,
  "raw_pc_cors": [
    0.00321749792776828,
    0.05445813878223196,
    -0.005896728106189813,
    -0.012560415578792073,
    0.00562895698425061,
    -0.012301414928453063,
    0.016547603483071622,
    0.07338963569846801,
    -0.0017996206033981308,
    -0.037369822102704287
  ],
  "emb_pc_cors": [
    0.393572038471686,
    -0.13697522028571588,
    0.011655425718449346,
    0.004656277521133681,
    0.005038697279028636,
    0.01511656298823478,
    -0.020044896054031244,
    -0.00045851679463751184,
    -0.00995011641005682,
    -0.0040238604009113525
  ],
  "r2_raw_5pc": 0.0030167694201729267,
  "r2_emb_5pc": 0.18211019367110426,
  "r2_raw_test": 0.0038953223707366424,
  "r2_emb_test": 0.14005543395150843,
  "raw_var_explained_5": 0.10975981348722672,
  "emb_var_explained_5": 0.8952351212501526,
  "raw_var_explained": [
    0.03315561801055316,
    0.025572391146893143,
    0.01769187407569512,
    0.01691361066463891,
    0.016426319589446393,
    0.01616899846482339,
    0.01578220476318426,
    0.015666940839367125,
    0.01539275489059122,
    0.01508903938322597
  ],
  "emb_var_explained": [
    0.6215795874595642,
    0.21370723843574524,
    0.024733493104577065,
    0.02082027681171894,
    0.014394506812095642,
    0.013256915844976902,
    0.01236159261316061,
    0.009544181637465954,
    0.008270823396742344,
    0.007642379030585289
  ],
  "final_train_loss": 0.6272502345920175
}